asset_code,issuer,home_domain,official_domain,official_domain_evidence,sac_contract_id,asset_type,issuer_org,docs_urls,holders,supply,source,as_of,notes
BENJI,GBHNGLLIE3KWGKCHIKMHJ5HVZHYIK7WTBE4QF5PLAKL4CJGSEU7HZIW5,www.franklintempleton.com,franklintempleton.com,https://www.franklintempleton.com/.well-known/stellar.toml,CCDSDPD7FXB74PFB2SYCHGQRWLXQRYRTQSPCVSRJ7FAOLOUGWEYAXQ7A,fund,Franklin Templeton,https://www.franklintempleton.com/investments/options/money-market-funds/products/29386/SINGLCLASS/franklin-on-chain-u-s-government-money-fund/FOBXX; https://www.franklintempleton.com/,1375,522773589.6259489,https://horizon.stellar.org/accounts/GBHNGLLIE3KWGKCHIKMHJ5HVZHYIK7WTBE4QF5PLAKL4CJGSEU7HZIW5; https://www.franklintempleton.com/.well-known/stellar.toml; https://horizon.stellar.org/assets?asset_code=BENJI&asset_issuer=GBHNGLLIE3KWGKCHIKMHJ5HVZHYIK7WTBE4QF5PLAKL4CJGSEU7HZIW5; https://api.stellar.expert/explorer/public/asset/BENJI-GBHNGLLIE3KWGKCHIKMHJ5HVZHYIK7WTBE4QF5PLAKL4CJGSEU7HZIW5,2026-10-06,"Franklin OnChain U.S. Government Money Fund (toml anchor_asset FOBXX). toml desc: '1 BENJI token corresponds to 1 share of the fund.' No attestation_of_reserve in toml. Issuer flags: auth_required + auth_revocable + auth_clawback_enabled. Evidence is the stellar.toml served on www.franklintempleton.com (lists the key in ACCOUNTS and CURRENCIES); franklintempleton.com product and press pages are JavaScript-rendered and could not be text-verified by plain fetch. FOCGX (same issuer) is deprecated in the toml and has 0 holders, so it is not listed."
gBENJI,GD5J73EKK5IYL5XS3FBTHHX7CZIYRP7QXDL57XFWGC2WVYWT326OBXRP,www.franklintempleton.com,franklintempleton.com,https://www.franklintempleton.com/.well-known/stellar.toml,CAZGJD4BG6RLFQIAGPDPSX3IR73CBSVDEIBUDQGDZ3RCGGSOYSVBDSM7,fund,Franklin Templeton,https://www.franklintempleton.com/,15,56784694.6401457,https://horizon.stellar.org/accounts/GD5J73EKK5IYL5XS3FBTHHX7CZIYRP7QXDL57XFWGC2WVYWT326OBXRP; https://www.franklintempleton.com/.well-known/stellar.toml; https://horizon.stellar.org/assets?asset_code=gBENJI&asset_issuer=GD5J73EKK5IYL5XS3FBTHHX7CZIYRP7QXDL57XFWGC2WVYWT326OBXRP; https://api.stellar.expert/explorer/public/asset/gBENJI-GD5J73EKK5IYL5XS3FBTHHX7CZIYRP7QXDL57XFWGC2WVYWT326OBXRP,2026-10-06,Franklin OnChain U.S. Government Money Fund (toml anchor_asset ISIN LU2900381208; Luxembourg UCITS share class). toml desc: '1 gBENJI token corresponds to 1 share of the fund.' Issuer flags: auth_required + auth_revocable + auth_clawback_enabled. Fund documents not yet located on franklintempleton.com (open question).
grBENJI,GA3ZBL3LBRKOF7CZ6MCA7JLPHWQCGYCCGKH4GVWNEDZOXW4IPXFGN2FQ,www.franklintempleton.com,franklintempleton.com,https://www.franklintempleton.com/.well-known/stellar.toml,CBEFW4IKKVB5KAX7QJAOHZUY77X5M6TRHE7ER6V75WESMAG7SSJBWP4R,fund,Franklin Templeton,https://www.franklintempleton.com/,12,1297326.3579872,https://horizon.stellar.org/accounts/GA3ZBL3LBRKOF7CZ6MCA7JLPHWQCGYCCGKH4GVWNEDZOXW4IPXFGN2FQ; https://www.franklintempleton.com/.well-known/stellar.toml; https://horizon.stellar.org/assets?asset_code=grBENJI&asset_issuer=GA3ZBL3LBRKOF7CZ6MCA7JLPHWQCGYCCGKH4GVWNEDZOXW4IPXFGN2FQ; https://api.stellar.expert/explorer/public/asset/grBENJI-GA3ZBL3LBRKOF7CZ6MCA7JLPHWQCGYCCGKH4GVWNEDZOXW4IPXFGN2FQ,2026-10-06,Franklin OnChain U.S. Government Money Fund AB (Ddis) USD (toml anchor_asset ISIN LU3258450587). toml desc: '1 grBENJI token corresponds to 1 share of the fund.' Issuer flags: auth_required + auth_revocable + auth_clawback_enabled. Fund documents not yet located on franklintempleton.com (open question).
sgBENJI,GAGICV3VBJSKKH5H5MQQIUTUP462YVHC23KUHZY6FJERRJFBDIVZBM5C,www.franklintempleton.com,franklintempleton.com,https://www.franklintempleton.com/.well-known/stellar.toml,,fund,Franklin Templeton,https://www.franklintempleton.com/,13,24336155.3100811,https://horizon.stellar.org/accounts/GAGICV3VBJSKKH5H5MQQIUTUP462YVHC23KUHZY6FJERRJFBDIVZBM5C; https://www.franklintempleton.com/.well-known/stellar.toml; https://horizon.stellar.org/assets?asset_code=sgBENJI&asset_issuer=GAGICV3VBJSKKH5H5MQQIUTUP462YVHC23KUHZY6FJERRJFBDIVZBM5C; https://api.stellar.expert/explorer/public/asset/sgBENJI-GAGICV3VBJSKKH5H5MQQIUTUP462YVHC23KUHZY6FJERRJFBDIVZBM5C,2026-10-06,Franklin OnChain U.S. Dollar Short-Term Money Market Fund A(acc)USD (toml anchor_asset SGXZ71843866; Singapore VCC). toml desc: '1 sgBENJI token corresponds to 1 share of the fund.' Issuer flags: auth_required + auth_revocable + auth_clawback_enabled. No SAC deployed (StellarExpert contract lookup 404; sac_contract_id left blank). Fund documents not yet located on franklintempleton.com (open question).
USDY,GAJMPX5NBOG6TQFPQGRABJEEB2YE7RFRLUKJDZAZGAD5GFX4J7TADAZ6,ondo.finance,ondo.finance,https://ondo.finance/usdy,CB3YA656OYIHU57657I5KGSBRHE5I3OZU4VFC22PYAOANFZHEWNYGAGP,yield-bearing,Ondo Finance,https://ondo.finance/usdy; https://app.ondo.finance/assets/usdy,3149,461621956.8243705,https://horizon.stellar.org/accounts/GAJMPX5NBOG6TQFPQGRABJEEB2YE7RFRLUKJDZAZGAD5GFX4J7TADAZ6; https://ondo.finance/.well-known/stellar.toml; https://horizon.stellar.org/assets?asset_code=USDY&asset_issuer=GAJMPX5NBOG6TQFPQGRABJEEB2YE7RFRLUKJDZAZGAD5GFX4J7TADAZ6; https://api.stellar.expert/explorer/public/asset/USDY-GAJMPX5NBOG6TQFPQGRABJEEB2YE7RFRLUKJDZAZGAD5GFX4J7TADAZ6,2026-10-06,"Ondo US Dollar Yield. toml desc: 'USDY is a tokenized form of US Yield Bearing Bank Deposits.' ondo.finance/usdy lists 'Stellar USDY...DAZ6' among 11+ networks, so Stellar supply is only part of total supply. Issuer flags: auth_revocable + auth_clawback_enabled (auth_required false). Labeled yield-bearing per golden rule 5."
USTRY,GCRYUGD5NVARGXT56XEZI5CIFCQETYHAPQQTHO2O3IQZTHDH4LATMYWC,etherfuse.com,etherfuse.com,https://etherfuse.com/articles/tokenized-by-etherfuse-moved-on-stellar-held-by-anchorage,CBLV4ATSIWU67CFSQU2NVRKINQIKUZ2ODSZBUJTJ43VJVRSBTZYOPNUR,bond,Etherfuse,https://app.etherfuse.com/legal/proof-of-reserves; https://etherfuse.com,932,10437760.8450667,https://horizon.stellar.org/accounts/GCRYUGD5NVARGXT56XEZI5CIFCQETYHAPQQTHO2O3IQZTHDH4LATMYWC; https://etherfuse.com/.well-known/stellar.toml; https://horizon.stellar.org/assets?asset_code=USTRY&asset_issuer=GCRYUGD5NVARGXT56XEZI5CIFCQETYHAPQQTHO2O3IQZTHDH4LATMYWC; https://api.stellar.expert/explorer/public/asset/USTRY-GCRYUGD5NVARGXT56XEZI5CIFCQETYHAPQQTHO2O3IQZTHDH4LATMYWC,2026-10-06,Etherfuse USTRY (toml anchor_asset 'US Treasury Notes'). Etherfuse Stablebond. Issuer flags: none set (auth_required/revocable/clawback all false). attestation_of_reserve page is JavaScript-rendered.
TESOURO,GCRYUGD5NVARGXT56XEZI5CIFCQETYHAPQQTHO2O3IQZTHDH4LATMYWC,etherfuse.com,etherfuse.com,https://etherfuse.com/articles/tokenized-by-etherfuse-moved-on-stellar-held-by-anchorage,CD6M4R2322BYCY2LNWM74PEBQAQ63SA3DUJLI3L4225U4ZVCLMSCBCIS,bond,Etherfuse,https://app.etherfuse.com/legal/proof-of-reserves; https://etherfuse.com,194,930520.7834112,https://horizon.stellar.org/accounts/GCRYUGD5NVARGXT56XEZI5CIFCQETYHAPQQTHO2O3IQZTHDH4LATMYWC; https://etherfuse.com/.well-known/stellar.toml; https://horizon.stellar.org/assets?asset_code=TESOURO&asset_issuer=GCRYUGD5NVARGXT56XEZI5CIFCQETYHAPQQTHO2O3IQZTHDH4LATMYWC; https://api.stellar.expert/explorer/public/asset/TESOURO-GCRYUGD5NVARGXT56XEZI5CIFCQETYHAPQQTHO2O3IQZTHDH4LATMYWC,2026-10-06,Etherfuse TESOURO (toml anchor_asset 'Brazilian Tesouro Bonds'). Etherfuse Stablebond. Issuer flags: none set (auth_required/revocable/clawback all false). attestation_of_reserve page is JavaScript-rendered.
EUROB,GCRYUGD5NVARGXT56XEZI5CIFCQETYHAPQQTHO2O3IQZTHDH4LATMYWC,etherfuse.com,etherfuse.com,https://etherfuse.com/articles/tokenized-by-etherfuse-moved-on-stellar-held-by-anchorage,CCHXOH2JGL6KBO5VOHR6WD4ZQXI6CFMJ5F65XVSZ6P47Y7KVZSQIPN6J,bond,Etherfuse,https://app.etherfuse.com/legal/proof-of-reserves; https://etherfuse.com,32,1.5000000,https://horizon.stellar.org/accounts/GCRYUGD5NVARGXT56XEZI5CIFCQETYHAPQQTHO2O3IQZTHDH4LATMYWC; https://etherfuse.com/.well-known/stellar.toml; https://horizon.stellar.org/assets?asset_code=EUROB&asset_issuer=GCRYUGD5NVARGXT56XEZI5CIFCQETYHAPQQTHO2O3IQZTHDH4LATMYWC; https://api.stellar.expert/explorer/public/asset/EUROB-GCRYUGD5NVARGXT56XEZI5CIFCQETYHAPQQTHO2O3IQZTHDH4LATMYWC,2026-10-06,Etherfuse EUROB (toml anchor_asset 'European Government Bonds'). Very small Stellar supply as of date. Etherfuse Stablebond. Issuer flags: none set (auth_required/revocable/clawback all false). attestation_of_reserve page is JavaScript-rendered.
KTB,GCRYUGD5NVARGXT56XEZI5CIFCQETYHAPQQTHO2O3IQZTHDH4LATMYWC,etherfuse.com,etherfuse.com,https://etherfuse.com/articles/tokenized-by-etherfuse-moved-on-stellar-held-by-anchorage,CBAECV6UVDS6ZKPMC63MUYY4V7Q3KTHR7NLUFGVVGK7K3AQT475QTETP,bond,Etherfuse,https://app.etherfuse.com/legal/proof-of-reserves; https://etherfuse.com,46,102.0000000,https://horizon.stellar.org/accounts/GCRYUGD5NVARGXT56XEZI5CIFCQETYHAPQQTHO2O3IQZTHDH4LATMYWC; https://etherfuse.com/.well-known/stellar.toml; https://horizon.stellar.org/assets?asset_code=KTB&asset_issuer=GCRYUGD5NVARGXT56XEZI5CIFCQETYHAPQQTHO2O3IQZTHDH4LATMYWC; https://api.stellar.expert/explorer/public/asset/KTB-GCRYUGD5NVARGXT56XEZI5CIFCQETYHAPQQTHO2O3IQZTHDH4LATMYWC,2026-10-06,Etherfuse KTB (toml anchor_asset 'Korean Treasury Bonds'). Very small Stellar supply as of date. Etherfuse Stablebond. Issuer flags: none set (auth_required/revocable/clawback all false). attestation_of_reserve page is JavaScript-rendered.
GILTS,GCRYUGD5NVARGXT56XEZI5CIFCQETYHAPQQTHO2O3IQZTHDH4LATMYWC,etherfuse.com,etherfuse.com,https://etherfuse.com/articles/tokenized-by-etherfuse-moved-on-stellar-held-by-anchorage,CCQNEBGX5RJQGNLQ25C67DZLOSNM4NFQBANUS3ASALF2X552BSIQ6XCE,bond,Etherfuse,https://app.etherfuse.com/legal/proof-of-reserves; https://etherfuse.com,15,1.7000000,https://horizon.stellar.org/accounts/GCRYUGD5NVARGXT56XEZI5CIFCQETYHAPQQTHO2O3IQZTHDH4LATMYWC; https://etherfuse.com/.well-known/stellar.toml; https://horizon.stellar.org/assets?asset_code=GILTS&asset_issuer=GCRYUGD5NVARGXT56XEZI5CIFCQETYHAPQQTHO2O3IQZTHDH4LATMYWC; https://api.stellar.expert/explorer/public/asset/GILTS-GCRYUGD5NVARGXT56XEZI5CIFCQETYHAPQQTHO2O3IQZTHDH4LATMYWC,2026-10-06,Etherfuse GILTS (toml anchor_asset 'UK Gilts'). Very small Stellar supply as of date. Etherfuse Stablebond. Issuer flags: none set (auth_required/revocable/clawback all false). attestation_of_reserve page is JavaScript-rendered.
GOLD,GCK75CK3VX5L4ZLSD7HHNVA4L3LKGIAYWLCZO2IBNGOFTBV3HJBE2MPJ,stellar.wisdomtree.com,wisdomtree.com,https://ir.wisdomtree.com/news-events/press-releases/detail/508/wisdomtree-announces-nine-new-blockchain-enabled-funds-are,CDQULNXLNTST3ERDKI2UXFUL64WGVJA4INLSYZCQLBI5KHQ4PSLFJI5S,commodity,"WisdomTree, Inc.",https://www.wisdomtreeprime.com/attestations/; https://www.wisdomtree.com,823,467.2037547,https://horizon.stellar.org/accounts/GCK75CK3VX5L4ZLSD7HHNVA4L3LKGIAYWLCZO2IBNGOFTBV3HJBE2MPJ; https://stellar.wisdomtree.com/.well-known/stellar.toml; https://horizon.stellar.org/assets?asset_code=GOLD&asset_issuer=GCK75CK3VX5L4ZLSD7HHNVA4L3LKGIAYWLCZO2IBNGOFTBV3HJBE2MPJ; https://api.stellar.expert/explorer/public/asset/GOLD-GCK75CK3VX5L4ZLSD7HHNVA4L3LKGIAYWLCZO2IBNGOFTBV3HJBE2MPJ,2026-10-06,WisdomTree Gold Token (toml anchor_asset GOLD). toml anchor_asset_type commodity; desc says each token 'serves as a document of title to physical gold'. Issuer flags: auth_required + auth_revocable + auth_clawback_enabled. WisdomTree stellar.toml fails strict TOML parsing (ACCOUNTS array: last key GBWMQ...P45 has no closing quote); parsed leniently. wisdomtree.com fund pages return HTTP 403 to automated fetches (browser needed).
WTGX,GDMBNMFJ3TRFLASJ6UGETFME3PJPNKPU24C7KFDBEBPQFG2CI6UC3JG6,stellar.wisdomtree.com,wisdomtree.com,https://ir.wisdomtree.com/news-events/press-releases/detail/508/wisdomtree-announces-nine-new-blockchain-enabled-funds-are,CCDI4CNUSRI2UYQ2F44VVUB47WNYQL552SQLL5KT6JQHDTTOS4PAWQ5G,fund,"WisdomTree, Inc.",https://www.wisdomtree.com/investments/digital-funds/money-market/wtgxx; https://www.wisdomtree.com,1185,2172864.7983930,https://horizon.stellar.org/accounts/GDMBNMFJ3TRFLASJ6UGETFME3PJPNKPU24C7KFDBEBPQFG2CI6UC3JG6; https://stellar.wisdomtree.com/.well-known/stellar.toml; https://horizon.stellar.org/assets?asset_code=WTGX&asset_issuer=GDMBNMFJ3TRFLASJ6UGETFME3PJPNKPU24C7KFDBEBPQFG2CI6UC3JG6; https://api.stellar.expert/explorer/public/asset/WTGX-GDMBNMFJ3TRFLASJ6UGETFME3PJPNKPU24C7KFDBEBPQFG2CI6UC3JG6,2026-10-06,WisdomTree Government Money Market Digital Fund (toml anchor_asset WTGXX). Issuer flags: auth_required + auth_revocable + auth_clawback_enabled. WisdomTree stellar.toml fails strict TOML parsing (ACCOUNTS array: last key GBWMQ...P45 has no closing quote); parsed leniently. wisdomtree.com fund pages return HTTP 403 to automated fetches (browser needed).
WTSY,GB3ZUC7FGDEEBXY3BDEJWMPNGBFA66YRI4QQT6PBO3ZT6F33S7RL36VF,stellar.wisdomtree.com,wisdomtree.com,https://ir.wisdomtree.com/news-events/press-releases/detail/508/wisdomtree-announces-nine-new-blockchain-enabled-funds-are,CATVJYIVZMI3FFCFLNNBUSR7UGLIOCMJRZJ5YZU4LOVWKPTC4VSQ2IQG,fund,"WisdomTree, Inc.",https://www.wisdomtree.com/investments/digital-funds/fixed-income/wtsyx; https://www.wisdomtree.com,304,1017857.0721800,https://horizon.stellar.org/accounts/GB3ZUC7FGDEEBXY3BDEJWMPNGBFA66YRI4QQT6PBO3ZT6F33S7RL36VF; https://stellar.wisdomtree.com/.well-known/stellar.toml; https://horizon.stellar.org/assets?asset_code=WTSY&asset_issuer=GB3ZUC7FGDEEBXY3BDEJWMPNGBFA66YRI4QQT6PBO3ZT6F33S7RL36VF; https://api.stellar.expert/explorer/public/asset/WTSY-GB3ZUC7FGDEEBXY3BDEJWMPNGBFA66YRI4QQT6PBO3ZT6F33S7RL36VF,2026-10-06,WisdomTree Short-Term Treasury Digital Fund (toml anchor_asset WTSYX). Issuer flags: auth_required + auth_revocable + auth_clawback_enabled. WisdomTree stellar.toml fails strict TOML parsing (ACCOUNTS array: last key GBWMQ...P45 has no closing quote); parsed leniently. wisdomtree.com fund pages return HTTP 403 to automated fetches (browser needed).
WTTS,GBBV5CF7UPA2PYRPA632URLB55BWML7X4H33ZRCDWMTULOXDGPHJR5VI,stellar.wisdomtree.com,wisdomtree.com,https://ir.wisdomtree.com/news-events/press-releases/detail/508/wisdomtree-announces-nine-new-blockchain-enabled-funds-are,CBZ63YIHU3OOSP2JW3CHMXJ67T3Z3IU3NRSSJ4M53GFDIRR4YXKCEE36,fund,"WisdomTree, Inc.",https://www.wisdomtree.com/investments/digital-funds/fixed-income/wttsx; https://www.wisdomtree.com,276,100488.4733625,https://horizon.stellar.org/accounts/GBBV5CF7UPA2PYRPA632URLB55BWML7X4H33ZRCDWMTULOXDGPHJR5VI; https://stellar.wisdomtree.com/.well-known/stellar.toml; https://horizon.stellar.org/assets?asset_code=WTTS&asset_issuer=GBBV5CF7UPA2PYRPA632URLB55BWML7X4H33ZRCDWMTULOXDGPHJR5VI; https://api.stellar.expert/explorer/public/asset/WTTS-GBBV5CF7UPA2PYRPA632URLB55BWML7X4H33ZRCDWMTULOXDGPHJR5VI,2026-10-06,WisdomTree 3-7 Year Treasury Digital Fund (toml anchor_asset WTTSX). Issuer flags: auth_required + auth_revocable + auth_clawback_enabled. WisdomTree stellar.toml fails strict TOML parsing (ACCOUNTS array: last key GBWMQ...P45 has no closing quote); parsed leniently. wisdomtree.com fund pages return HTTP 403 to automated fetches (browser needed).
WTST,GDEBI5X7J4IDXCSVV3KPFZIHQRCBVF3DAZMS5H7KYOBK45T6XYGDE77P,stellar.wisdomtree.com,wisdomtree.com,https://ir.wisdomtree.com/news-events/press-releases/detail/508/wisdomtree-announces-nine-new-blockchain-enabled-funds-are,CACJVBOTJ22N224NILIACP6FM75XE5JXIV2PGWYIXJ5R3GW3YD5VVFVS,fund,"WisdomTree, Inc.",https://www.wisdomtree.com/investments/digital-funds/fixed-income/wtstx; https://www.wisdomtree.com,261,101259.0938168,https://horizon.stellar.org/accounts/GDEBI5X7J4IDXCSVV3KPFZIHQRCBVF3DAZMS5H7KYOBK45T6XYGDE77P; https://stellar.wisdomtree.com/.well-known/stellar.toml; https://horizon.stellar.org/assets?asset_code=WTST&asset_issuer=GDEBI5X7J4IDXCSVV3KPFZIHQRCBVF3DAZMS5H7KYOBK45T6XYGDE77P; https://api.stellar.expert/explorer/public/asset/WTST-GDEBI5X7J4IDXCSVV3KPFZIHQRCBVF3DAZMS5H7KYOBK45T6XYGDE77P,2026-10-06,WisdomTree 7-10 Year Treasury Digital Fund (toml anchor_asset WTSTX). Issuer flags: auth_required + auth_revocable + auth_clawback_enabled. WisdomTree stellar.toml fails strict TOML parsing (ACCOUNTS array: last key GBWMQ...P45 has no closing quote); parsed leniently. wisdomtree.com fund pages return HTTP 403 to automated fetches (browser needed).
WTLG,GAK7PE7DD4ZRJQN3VBCQFBKFV53JGUM2SQATQAKLFK6MVONPGNYK34XH,stellar.wisdomtree.com,wisdomtree.com,https://ir.wisdomtree.com/news-events/press-releases/detail/508/wisdomtree-announces-nine-new-blockchain-enabled-funds-are,CAIDESHFY4QU4I7FNNROV2ADPFZCWMB3VDMLBT5DZYEKWGOLT4ODNS6I,fund,"WisdomTree, Inc.",https://www.wisdomtree.com/investments/digital-funds/fixed-income/wtlgx; https://www.wisdomtree.com,265,100221.0676217,https://horizon.stellar.org/accounts/GAK7PE7DD4ZRJQN3VBCQFBKFV53JGUM2SQATQAKLFK6MVONPGNYK34XH; https://stellar.wisdomtree.com/.well-known/stellar.toml; https://horizon.stellar.org/assets?asset_code=WTLG&asset_issuer=GAK7PE7DD4ZRJQN3VBCQFBKFV53JGUM2SQATQAKLFK6MVONPGNYK34XH; https://api.stellar.expert/explorer/public/asset/WTLG-GAK7PE7DD4ZRJQN3VBCQFBKFV53JGUM2SQATQAKLFK6MVONPGNYK34XH,2026-10-06,WisdomTree Long Term Treasury Digital Fund (toml anchor_asset WTLGX). Issuer flags: auth_required + auth_revocable + auth_clawback_enabled. WisdomTree stellar.toml fails strict TOML parsing (ACCOUNTS array: last key GBWMQ...P45 has no closing quote); parsed leniently. wisdomtree.com fund pages return HTTP 403 to automated fetches (browser needed).
FLTT,GBTZKH3RNKW46XEZNCGZEBAGJISKDZKQXKSQ2N5G5SFX36TLWKKR6QJ6,stellar.wisdomtree.com,wisdomtree.com,https://ir.wisdomtree.com/news-events/press-releases/detail/508/wisdomtree-announces-nine-new-blockchain-enabled-funds-are,CCZ6ZWEO3KEA6PHTK56C6MEOHPVPBWZ7C3YUXR6SMBROPIEVXWICRY2L,fund,"WisdomTree, Inc.",https://www.wisdomtree.com/investments/digital-funds/fixed-income/flttx; https://www.wisdomtree.com,439,1867674.3444616,https://horizon.stellar.org/accounts/GBTZKH3RNKW46XEZNCGZEBAGJISKDZKQXKSQ2N5G5SFX36TLWKKR6QJ6; https://stellar.wisdomtree.com/.well-known/stellar.toml; https://horizon.stellar.org/assets?asset_code=FLTT&asset_issuer=GBTZKH3RNKW46XEZNCGZEBAGJISKDZKQXKSQ2N5G5SFX36TLWKKR6QJ6; https://api.stellar.expert/explorer/public/asset/FLTT-GBTZKH3RNKW46XEZNCGZEBAGJISKDZKQXKSQ2N5G5SFX36TLWKKR6QJ6,2026-10-06,WisdomTree Floating Rate Treasury Digital Fund (toml anchor_asset FLTTX). Issuer flags: auth_required + auth_revocable + auth_clawback_enabled. WisdomTree stellar.toml fails strict TOML parsing (ACCOUNTS array: last key GBWMQ...P45 has no closing quote); parsed leniently. wisdomtree.com fund pages return HTTP 403 to automated fetches (browser needed).
TIPS,GAJ4KSYLVBJKQ4UBPKJJXPYWVIRZWVTIYRMHBXTHGCDS4XJXXYEUALVD,stellar.wisdomtree.com,wisdomtree.com,https://ir.wisdomtree.com/news-events/press-releases/detail/508/wisdomtree-announces-nine-new-blockchain-enabled-funds-are,CC5XKPSET6QVWPL7EFUA7KXO6XLWPWXJKAGJC24MXW7EYVXQLUBV4OM5,fund,"WisdomTree, Inc.",https://www.wisdomtree.com/investments/digital-funds/fixed-income/tipsx; https://www.wisdomtree.com,267,101323.0208907,https://horizon.stellar.org/accounts/GAJ4KSYLVBJKQ4UBPKJJXPYWVIRZWVTIYRMHBXTHGCDS4XJXXYEUALVD; https://stellar.wisdomtree.com/.well-known/stellar.toml; https://horizon.stellar.org/assets?asset_code=TIPS&asset_issuer=GAJ4KSYLVBJKQ4UBPKJJXPYWVIRZWVTIYRMHBXTHGCDS4XJXXYEUALVD; https://api.stellar.expert/explorer/public/asset/TIPS-GAJ4KSYLVBJKQ4UBPKJJXPYWVIRZWVTIYRMHBXTHGCDS4XJXXYEUALVD,2026-10-06,WisdomTree TIPS Digital Fund (toml anchor_asset TIPSX). Issuer flags: auth_required + auth_revocable + auth_clawback_enabled. WisdomTree stellar.toml fails strict TOML parsing (ACCOUNTS array: last key GBWMQ...P45 has no closing quote); parsed leniently. wisdomtree.com fund pages return HTTP 403 to automated fetches (browser needed).
WTSI,GAD22PDBRFEMXAKPFDP4JGDFWKKD6VPXWUWEAXBS6ZYJYFFQDUN7HAFG,stellar.wisdomtree.com,wisdomtree.com,https://ir.wisdomtree.com/news-events/press-releases/detail/508/wisdomtree-announces-nine-new-blockchain-enabled-funds-are,CBBIDGSNGX43W6AEN32UFSLRTSM64MLNCXAHFCJV6PQYR5E6LV4IHPSS,fund,"WisdomTree, Inc.",https://www.wisdomtree.com/investments/digital-funds/asset-allocation/wtsix; https://www.wisdomtree.com,325,127193.5140866,https://horizon.stellar.org/accounts/GAD22PDBRFEMXAKPFDP4JGDFWKKD6VPXWUWEAXBS6ZYJYFFQDUN7HAFG; https://stellar.wisdomtree.com/.well-known/stellar.toml; https://horizon.stellar.org/assets?asset_code=WTSI&asset_issuer=GAD22PDBRFEMXAKPFDP4JGDFWKKD6VPXWUWEAXBS6ZYJYFFQDUN7HAFG; https://api.stellar.expert/explorer/public/asset/WTSI-GAD22PDBRFEMXAKPFDP4JGDFWKKD6VPXWUWEAXBS6ZYJYFFQDUN7HAFG,2026-10-06,WisdomTree Short-Duration Income Digital Fund (toml anchor_asset WTSIX). Issuer flags: auth_required + auth_revocable + auth_clawback_enabled. WisdomTree stellar.toml fails strict TOML parsing (ACCOUNTS array: last key GBWMQ...P45 has no closing quote); parsed leniently. wisdomtree.com fund pages return HTTP 403 to automated fetches (browser needed).
CRDT,GBWMQUGPPLSC62YPGD5CEHATOQRQMNLNAV2TMEXJ4ZYOTY4TJD6J2P45,stellar.wisdomtree.com,wisdomtree.com,https://ir.wisdomtree.com/news-events/press-releases/detail/508/wisdomtree-announces-nine-new-blockchain-enabled-funds-are,CBQDK4Y3B2RYUSXE6JYYTHB6AIW655FPGE4OW7A2BWDZXZ5RALQ3UK3P,fund,"WisdomTree, Inc.",https://www.wisdomtree.com/investments/digital-funds/fixed-income/crdyx; https://www.wisdomtree.com,237,36464.7645605,https://horizon.stellar.org/accounts/GBWMQUGPPLSC62YPGD5CEHATOQRQMNLNAV2TMEXJ4ZYOTY4TJD6J2P45; https://stellar.wisdomtree.com/.well-known/stellar.toml; https://horizon.stellar.org/assets?asset_code=CRDT&asset_issuer=GBWMQUGPPLSC62YPGD5CEHATOQRQMNLNAV2TMEXJ4ZYOTY4TJD6J2P45; https://api.stellar.expert/explorer/public/asset/CRDT-GBWMQUGPPLSC62YPGD5CEHATOQRQMNLNAV2TMEXJ4ZYOTY4TJD6J2P45,2026-10-06,"WisdomTree Private Credit and Alternative Income Digital Fund (toml anchor_asset CRDYX). toml desc: seeks to track the Gapstow Private Credit and Alternative Income Index (listed private-credit vehicles; labeled fund, not private_credit). Its issuer key is the one with the missing closing quote in ACCOUNTS; it verifies via its [[CURRENCIES]] entry. Issuer flags: auth_required + auth_revocable + auth_clawback_enabled. WisdomTree stellar.toml fails strict TOML parsing (ACCOUNTS array: last key GBWMQ...P45 has no closing quote); parsed leniently. wisdomtree.com fund pages return HTTP 403 to automated fetches (browser needed)."
SPXU,GDJBVX3QA5HJPBSAU5VIX2W6MC37NU4UFXPKEGK42SJCYN6AEQ4Z6COM,stellar.wisdomtree.com,wisdomtree.com,https://ir.wisdomtree.com/news-events/press-releases/detail/508/wisdomtree-announces-nine-new-blockchain-enabled-funds-are,CBVCBEMVSVH73W7HZZHEMFYSYNF2ALRUFNSATHF2WXENW33BGF5FSTFR,fund,"WisdomTree, Inc.",https://www.wisdomtree.com/investments/digital-funds/equity/spxux; https://www.wisdomtree.com,426,927089.8372079,https://horizon.stellar.org/accounts/GDJBVX3QA5HJPBSAU5VIX2W6MC37NU4UFXPKEGK42SJCYN6AEQ4Z6COM; https://stellar.wisdomtree.com/.well-known/stellar.toml; https://horizon.stellar.org/assets?asset_code=SPXU&asset_issuer=GDJBVX3QA5HJPBSAU5VIX2W6MC37NU4UFXPKEGK42SJCYN6AEQ4Z6COM; https://api.stellar.expert/explorer/public/asset/SPXU-GDJBVX3QA5HJPBSAU5VIX2W6MC37NU4UFXPKEGK42SJCYN6AEQ4Z6COM,2026-10-06,WisdomTree 500 Digital Fund (toml anchor_asset SPXUX). Equity fund. Issuer flags: auth_required + auth_revocable + auth_clawback_enabled. WisdomTree stellar.toml fails strict TOML parsing (ACCOUNTS array: last key GBWMQ...P45 has no closing quote); parsed leniently. wisdomtree.com fund pages return HTTP 403 to automated fetches (browser needed).
TECH,GDSAW27GPR7EWKPTFDPGN2WWZYUHBFKVDBLOUUEKSNKHID4ZWUVOBF5R,stellar.wisdomtree.com,wisdomtree.com,https://ir.wisdomtree.com/news-events/press-releases/detail/508/wisdomtree-announces-nine-new-blockchain-enabled-funds-are,CDBYSQCKN644WWEJBPYDDTF2V5BDSJKC2EXVIEKLGHQSMKILY4IO2NCD,fund,"WisdomTree, Inc.",https://www.wisdomtree.com/investments/digital-funds/equity/techx; https://www.wisdomtree.com,515,238030.7570313,https://horizon.stellar.org/accounts/GDSAW27GPR7EWKPTFDPGN2WWZYUHBFKVDBLOUUEKSNKHID4ZWUVOBF5R; https://stellar.wisdomtree.com/.well-known/stellar.toml; https://horizon.stellar.org/assets?asset_code=TECH&asset_issuer=GDSAW27GPR7EWKPTFDPGN2WWZYUHBFKVDBLOUUEKSNKHID4ZWUVOBF5R; https://api.stellar.expert/explorer/public/asset/TECH-GDSAW27GPR7EWKPTFDPGN2WWZYUHBFKVDBLOUUEKSNKHID4ZWUVOBF5R,2026-10-06,WisdomTree Technology & Innovation 100 Digital Fund (toml anchor_asset TECHX). Equity fund. Issuer flags: auth_required + auth_revocable + auth_clawback_enabled. WisdomTree stellar.toml fails strict TOML parsing (ACCOUNTS array: last key GBWMQ...P45 has no closing quote); parsed leniently. wisdomtree.com fund pages return HTTP 403 to automated fetches (browser needed).
EQTY,GAKODZFS4MV36JGDTULJACWJKBJCO33CJTVTWSQFSUV7XLZJNXTDH6D6,stellar.wisdomtree.com,wisdomtree.com,https://ir.wisdomtree.com/news-events/press-releases/detail/508/wisdomtree-announces-nine-new-blockchain-enabled-funds-are,CCP7YZJWB7C4MIHA7L23OVKUXUXQ3WVFEBOCIYPNIN4LSQPCA26IA6XW,fund,"WisdomTree, Inc.",https://www.wisdomtree.com/investments/digital-funds/asset-allocation/eqtyx; https://www.wisdomtree.com,305,86646.7769689,https://horizon.stellar.org/accounts/GAKODZFS4MV36JGDTULJACWJKBJCO33CJTVTWSQFSUV7XLZJNXTDH6D6; https://stellar.wisdomtree.com/.well-known/stellar.toml; https://horizon.stellar.org/assets?asset_code=EQTY&asset_issuer=GAKODZFS4MV36JGDTULJACWJKBJCO33CJTVTWSQFSUV7XLZJNXTDH6D6; https://api.stellar.expert/explorer/public/asset/EQTY-GAKODZFS4MV36JGDTULJACWJKBJCO33CJTVTWSQFSUV7XLZJNXTDH6D6,2026-10-06,WisdomTree Siegel Global Equity Digital Fund (toml anchor_asset EQTYX). Equity fund. Issuer flags: auth_required + auth_revocable + auth_clawback_enabled. WisdomTree stellar.toml fails strict TOML parsing (ACCOUNTS array: last key GBWMQ...P45 has no closing quote); parsed leniently. wisdomtree.com fund pages return HTTP 403 to automated fetches (browser needed).
MODR,GANULT25TFO6V6BFWSEG4VSCR4QXBNHV5T344R2AFZEPE6B324LVLOOJ,stellar.wisdomtree.com,wisdomtree.com,https://ir.wisdomtree.com/news-events/press-releases/detail/508/wisdomtree-announces-nine-new-blockchain-enabled-funds-are,CCYPD6HRLXCXOT3ZSUJ4HYYBC7MLAYI7E3QEN4IC7H7FNB4PFDMQLHWL,fund,"WisdomTree, Inc.",https://www.wisdomtree.com/investments/digital-funds/asset-allocation/modrx; https://www.wisdomtree.com,251,37860.0524562,https://horizon.stellar.org/accounts/GANULT25TFO6V6BFWSEG4VSCR4QXBNHV5T344R2AFZEPE6B324LVLOOJ; https://stellar.wisdomtree.com/.well-known/stellar.toml; https://horizon.stellar.org/assets?asset_code=MODR&asset_issuer=GANULT25TFO6V6BFWSEG4VSCR4QXBNHV5T344R2AFZEPE6B324LVLOOJ; https://api.stellar.expert/explorer/public/asset/MODR-GANULT25TFO6V6BFWSEG4VSCR4QXBNHV5T344R2AFZEPE6B324LVLOOJ,2026-10-06,WisdomTree Siegel Moderate Digital Fund (toml anchor_asset MODRX). Allocation fund. Issuer flags: auth_required + auth_revocable + auth_clawback_enabled. WisdomTree stellar.toml fails strict TOML parsing (ACCOUNTS array: last key GBWMQ...P45 has no closing quote); parsed leniently. wisdomtree.com fund pages return HTTP 403 to automated fetches (browser needed).
LNGV,GAHOGWBAWNIKESGNNW7Y7JU5KL54HIEHJGY6Y5QLY6YR3J7WZIDHLC6D,stellar.wisdomtree.com,wisdomtree.com,https://ir.wisdomtree.com/news-events/press-releases/detail/508/wisdomtree-announces-nine-new-blockchain-enabled-funds-are,CAK3GBT7P6ADHBRK3LH3VODDY4HYLYYXAP6PEH436FYID2VJKPKND64L,fund,"WisdomTree, Inc.",https://www.wisdomtree.com/investments/digital-funds/asset-allocation/lngvx; https://www.wisdomtree.com,265,41893.2274886,https://horizon.stellar.org/accounts/GAHOGWBAWNIKESGNNW7Y7JU5KL54HIEHJGY6Y5QLY6YR3J7WZIDHLC6D; https://stellar.wisdomtree.com/.well-known/stellar.toml; https://horizon.stellar.org/assets?asset_code=LNGV&asset_issuer=GAHOGWBAWNIKESGNNW7Y7JU5KL54HIEHJGY6Y5QLY6YR3J7WZIDHLC6D; https://api.stellar.expert/explorer/public/asset/LNGV-GAHOGWBAWNIKESGNNW7Y7JU5KL54HIEHJGY6Y5QLY6YR3J7WZIDHLC6D,2026-10-06,WisdomTree Siegel Longevity Digital Fund (toml anchor_asset LNGVX). Allocation fund. Issuer flags: auth_required + auth_revocable + auth_clawback_enabled. WisdomTree stellar.toml fails strict TOML parsing (ACCOUNTS array: last key GBWMQ...P45 has no closing quote); parsed leniently. wisdomtree.com fund pages return HTTP 403 to automated fetches (browser needed).
BB1,GD5J6HLF5666X4AZLTFTXLY46J5SW7EXRKBLEYPJP33S33MXZGV6CWFN,bitbondsto.com,bitbondsto.com,https://www.bitbond.com/resources/what-is-the-bitbondsto,CA6EZRSYJDDGN2W6IQPBTT624I6VIS7SS6OR6GPJQOOQT7GRKK5UTDRL,bond,Bitbond Finance GmbH,https://www.bitbondsto.com/files/bitbond-sto-prospectus-de.pdf; https://www.bitbondsto.com/files/bitbond-sto-prospectus.pdf; https://www.bitbondsto.com,1804,2667965.9133389,https://horizon.stellar.org/accounts/GD5J6HLF5666X4AZLTFTXLY46J5SW7EXRKBLEYPJP33S33MXZGV6CWFN; https://bitbondsto.com/.well-known/stellar.toml; https://horizon.stellar.org/assets?asset_code=BB1&asset_issuer=GD5J6HLF5666X4AZLTFTXLY46J5SW7EXRKBLEYPJP33S33MXZGV6CWFN; https://api.stellar.expert/explorer/public/asset/BB1-GD5J6HLF5666X4AZLTFTXLY46J5SW7EXRKBLEYPJP33S33MXZGV6CWFN,2026-10-06,"Bitbond Finance Tokenized Bond 1. toml desc: corporate bond; subordinated unsecured; issued 01-JUL-2019; maturity 01-JUL-2029; fixed coupon 4.00% p.a. Issuer flags: none set. official_domain is bitbondsto.com (toml ORG_URL), not the parent's bitbond.com: the parent page bitbond.com/resources/what-is-the-bitbondsto states 'your BB1 tokens will be issued on the Stellar blockchain' and links prospectus PDFs on bitbondsto.com (needs human confirmation). bitbond.com returns HTTP 403 to plain fetch; read via WebFetch."
YLDS,GAC7MOPTQLQUM3KC24AW4GHS3RLF72LPEZO54AH7EZ6TSMGRB5SOAVH3,www.ylds.com,ylds.com,https://www.ylds.com/,CALI5NJUXWSDKW4FUUQEAHTRD4IY6EQ4BIA6YGPMABRNXMXH7WWCC7Q6,yield-bearing,Figure Certificate Company,https://www.ylds.com/; https://cdn.figure.com/docs/markets/fcc-prospectus.pdf,9,25244786.1616650,https://horizon.stellar.org/accounts/GAC7MOPTQLQUM3KC24AW4GHS3RLF72LPEZO54AH7EZ6TSMGRB5SOAVH3; https://www.ylds.com/.well-known/stellar.toml; https://horizon.stellar.org/assets?asset_code=YLDS&asset_issuer=GAC7MOPTQLQUM3KC24AW4GHS3RLF72LPEZO54AH7EZ6TSMGRB5SOAVH3; https://api.stellar.expert/explorer/public/asset/YLDS-GAC7MOPTQLQUM3KC24AW4GHS3RLF72LPEZO54AH7EZ6TSMGRB5SOAVH3,2026-10-06,"YLDS face-amount certificate. toml desc calls it 'the first SEC-registered, yield-bearing stablecoin' (anchor_asset_type fiat USD); included as yield-bearing like USDY (needs human confirmation). www.ylds.com names Figure Certificate Company as issuer, lists Stellar as a supported chain, and links the prospectus on cdn.figure.com. Only 9 holders as of date. Issuer flags: auth_required + auth_revocable + auth_clawback_enabled."
