asset_code,issuer,ticker,cik,series_id,class_id,evidence,as_of
BENJI,GBHNGLLIE3KWGKCHIKMHJ5HVZHYIK7WTBE4QF5PLAKL4CJGSEU7HZIW5,FOBXX,1786958,S000067043,C000215714,https://www.franklintempleton.com/.well-known/stellar.toml (sha256 6ade77b46f9a398443fa02d64a37371eae93312b34649acbe64860d30f4b6cc5) anchor_asset=FOBXX; https://www.sec.gov/files/company_tickers_mf.json,2026-10-06
WTGX,GDMBNMFJ3TRFLASJ6UGETFME3PJPNKPU24C7KFDBEBPQFG2CI6UC3JG6,WTGXX,1859001,S000082184,C000245468,https://stellar.wisdomtree.com/.well-known/stellar.toml (sha256 773b534176e3a9b7bdc9671568226d15978192fed4914725d786534a8168c156) anchor_asset=WTGXX; https://www.sec.gov/files/company_tickers_mf.json,2026-10-06
WTSY,GB3ZUC7FGDEEBXY3BDEJWMPNGBFA66YRI4QQT6PBO3ZT6F33S7RL36VF,WTSYX,1859001,S000072466,C000228751,https://stellar.wisdomtree.com/.well-known/stellar.toml (sha256 773b534176e3a9b7bdc9671568226d15978192fed4914725d786534a8168c156) anchor_asset=WTSYX; https://www.sec.gov/files/company_tickers_mf.json,2026-10-06
WTTS,GBBV5CF7UPA2PYRPA632URLB55BWML7X4H33ZRCDWMTULOXDGPHJR5VI,WTTSX,1859001,S000079153,C000240058,https://stellar.wisdomtree.com/.well-known/stellar.toml (sha256 773b534176e3a9b7bdc9671568226d15978192fed4914725d786534a8168c156) anchor_asset=WTTSX; https://www.sec.gov/files/company_tickers_mf.json,2026-10-06
WTST,GDEBI5X7J4IDXCSVV3KPFZIHQRCBVF3DAZMS5H7KYOBK45T6XYGDE77P,WTSTX,1859001,S000079157,C000240067,https://stellar.wisdomtree.com/.well-known/stellar.toml (sha256 773b534176e3a9b7bdc9671568226d15978192fed4914725d786534a8168c156) anchor_asset=WTSTX; https://www.sec.gov/files/company_tickers_mf.json,2026-10-06
WTLG,GAK7PE7DD4ZRJQN3VBCQFBKFV53JGUM2SQATQAKLFK6MVONPGNYK34XH,WTLGX,1859001,S000079158,C000240068,https://stellar.wisdomtree.com/.well-known/stellar.toml (sha256 773b534176e3a9b7bdc9671568226d15978192fed4914725d786534a8168c156) anchor_asset=WTLGX; https://www.sec.gov/files/company_tickers_mf.json,2026-10-06
FLTT,GBTZKH3RNKW46XEZNCGZEBAGJISKDZKQXKSQ2N5G5SFX36TLWKKR6QJ6,FLTTX,1859001,S000079160,C000240070,https://stellar.wisdomtree.com/.well-known/stellar.toml (sha256 773b534176e3a9b7bdc9671568226d15978192fed4914725d786534a8168c156) anchor_asset=FLTTX; https://www.sec.gov/files/company_tickers_mf.json,2026-10-06
TIPS,GAJ4KSYLVBJKQ4UBPKJJXPYWVIRZWVTIYRMHBXTHGCDS4XJXXYEUALVD,TIPSX,1859001,S000079161,C000240071,https://stellar.wisdomtree.com/.well-known/stellar.toml (sha256 773b534176e3a9b7bdc9671568226d15978192fed4914725d786534a8168c156) anchor_asset=TIPSX; https://www.sec.gov/files/company_tickers_mf.json,2026-10-06
WTSI,GAD22PDBRFEMXAKPFDP4JGDFWKKD6VPXWUWEAXBS6ZYJYFFQDUN7HAFG,WTSIX,1859001,S000079166,C000240076,https://stellar.wisdomtree.com/.well-known/stellar.toml (sha256 773b534176e3a9b7bdc9671568226d15978192fed4914725d786534a8168c156) anchor_asset=WTSIX; https://www.sec.gov/files/company_tickers_mf.json,2026-10-06
CRDT,GBWMQUGPPLSC62YPGD5CEHATOQRQMNLNAV2TMEXJ4ZYOTY4TJD6J2P45,CRDYX,1859001,S000094747,C000263282,https://stellar.wisdomtree.com/.well-known/stellar.toml (sha256 773b534176e3a9b7bdc9671568226d15978192fed4914725d786534a8168c156) anchor_asset=CRDYX; https://www.sec.gov/files/company_tickers_mf.json,2026-10-06
SPXU,GDJBVX3QA5HJPBSAU5VIX2W6MC37NU4UFXPKEGK42SJCYN6AEQ4Z6COM,SPXUX,1859001,S000079163,C000240073,https://stellar.wisdomtree.com/.well-known/stellar.toml (sha256 773b534176e3a9b7bdc9671568226d15978192fed4914725d786534a8168c156) anchor_asset=SPXUX; https://www.sec.gov/files/company_tickers_mf.json,2026-10-06
TECH,GDSAW27GPR7EWKPTFDPGN2WWZYUHBFKVDBLOUUEKSNKHID4ZWUVOBF5R,TECHX,1859001,S000079165,C000240075,https://stellar.wisdomtree.com/.well-known/stellar.toml (sha256 773b534176e3a9b7bdc9671568226d15978192fed4914725d786534a8168c156) anchor_asset=TECHX; https://www.sec.gov/files/company_tickers_mf.json,2026-10-06
EQTY,GAKODZFS4MV36JGDTULJACWJKBJCO33CJTVTWSQFSUV7XLZJNXTDH6D6,EQTYX,1859001,S000080145,C000241818,https://stellar.wisdomtree.com/.well-known/stellar.toml (sha256 773b534176e3a9b7bdc9671568226d15978192fed4914725d786534a8168c156) anchor_asset=EQTYX; https://www.sec.gov/files/company_tickers_mf.json,2026-10-06
MODR,GANULT25TFO6V6BFWSEG4VSCR4QXBNHV5T344R2AFZEPE6B324LVLOOJ,MODRX,1859001,S000080146,C000241819,https://stellar.wisdomtree.com/.well-known/stellar.toml (sha256 773b534176e3a9b7bdc9671568226d15978192fed4914725d786534a8168c156) anchor_asset=MODRX; https://www.sec.gov/files/company_tickers_mf.json,2026-10-06
LNGV,GAHOGWBAWNIKESGNNW7Y7JU5KL54HIEHJGY6Y5QLY6YR3J7WZIDHLC6D,LNGVX,1859001,S000080143,C000241816,https://stellar.wisdomtree.com/.well-known/stellar.toml (sha256 773b534176e3a9b7bdc9671568226d15978192fed4914725d786534a8168c156) anchor_asset=LNGVX; https://www.sec.gov/files/company_tickers_mf.json,2026-10-06
